Type,Selector Name
Class,.FA
Class,.HPMFinished
Class,.HPMWarning
Class,.LS_MainScoreboard
Class,.LS_ScoreboardTitle
Class,.MFLBoxArrowFaded
Class,.MFLBoxArrowLeft
Class,.MFLBoxArrowRight
Class,.MFLBoxDetailsArrow
Class,.MFLBoxLiveStatsClose
Class,.MFLBoxLiveStatsContent
Class,.MFLBoxPlayerDetailsClose
Class,.MFLBoxPlayerDetailsHeader
Class,.MFLBoxPlayerDetailsTR
Class,.MFLGameClock
Class,.MFLGameLinks
Class,.MFLGameTable
Class,.MFLLiveClock
Class,.MFLLiveTeam
Class,.MFLMainScoreboard
Class,.MFLNFLGameTable
Class,.MFLNFLLiveClock
Class,.MFLNFLWinMarker
Class,.MFLPaceScore
Class,.MFLPaceScoreNegative
Class,.MFLPaceScorePositive
Class,.MFLPlayerName
Class,.MFLPlayerPopupArticleContainer
Class,.MFLPlayerPopupLoader
Class,.MFLPlayerPopupNotificationContainer
Class,.MFLPlayerPopupPlayerTabs
Class,.MFLPlayerPopupTab
Class,.MFLPlayerPopupTabContent
Class,.MFLPopTabWrap
Class,.MFLPopupFontAwesomeMenu
Class,.MFLScoreboardLineups
Class,.MFLScoreboardTitle
Class,.MFLSkinSelection
Class,.MFLSkinSelection-content
Class,.MFLSkinSelectionbtn
Class,.MFLTeamLineup
Class,.MFLWinMarker
Class,.TeamData
Class,.ThemeSwith_overlay
Class,.a
Class,.accountingBorderLeft
Class,.accountingBorderRight
Class,.accountingDetailAcquired
Class,.accountingDetailGaveUp
Class,.accountingExtraCol
Class,.accountingFree
Class,.accountingIcon
Class,.action
Class,.actions-by
Class,.actions-expired
Class,.activated
Class,.active
Class,.active_fran
Class,.add-drop-player-row
Class,.add-player-container
Class,.addDropSubmit
Class,.addon-icons
Class,.addon-icons-mobile
Class,.adds-names
Class,.alert
Class,.alert-info-body
Class,.alert-info-table
Class,.all_scores_matchup
Class,.all_scores_matchup_name
Class,.all_scores_matchups
Class,.all_scores_tablewrap
Class,.allplay-conference-title
Class,.allplay-crosshair
Class,.allplay-franchise
Class,.allplay-lit
Class,.allplay-pf
Class,.allplay-record-total
Class,.allplay-total
Class,.allplay-week
Class,.alternate
Class,.alternate2
Class,.altstripe
Class,.appButton
Class,.appendStats
Class,.appendStats-ls-events
Class,.appendStats-ls-pts
Class,.arrow-down
Class,.articlecaption
Class,.articlepicture
Class,.articlepicturetable
Class,.as_close_btn
Class,.as_pace_box
Class,.as_scores
Class,.as_spacer_bottom
Class,.assets
Class,.auctionDraft
Class,.ava
Class,.avg-matchup
Class,.awayteam
Class,.b
Class,.b_est
Class,.b_name
Class,.b_name2
Class,.b_slogan
Class,.banner-container
Class,.banner-container-full
Class,.banner-container-wrap
Class,.banner-container-wrap-full
Class,.banner-icon
Class,.banner-leftside
Class,.banner-rightside
Class,.bannericon
Class,.bannerlinkicons-full
Class,.bannertext
Class,.bbid_ir-modal-content
Class,.bbidbalance
Class,.bid-amount
Class,.biography
Class,.blank
Class,.blankwin-img
Class,.border_none
Class,.bottomteam
Class,.box-add-drop-btn
Class,.bracket
Class,.button-disabled
Class,.bye
Class,.bye-matchup
Class,.c
Class,.cal-event
Class,.cal-event-desc
Class,.calculator-check
Class,.calculator-close
Class,.calculator-minus-wrapper
Class,.calculator-plus-wrapper
Class,.calendarHighlight
Class,.calendarLegend
Class,.calendar_event_injury_report
Class,.calendar_event_nfl_game
Class,.calendar_event_trade
Class,.calendar_event_waiver_bbid
Class,.calendar_event_waiver_lock
Class,.calendar_event_waiver_none
Class,.calendar_event_waiver_reverse
Class,.calendarday
Class,.cap_room_available_row
Class,.carousel
Class,.ccl
Class,.chatLapsedTime
Class,.chat_popup
Class,.cheatsheetnotes
Class,.checkBox
Class,.checked
Class,.close
Class,.collapseLink
Class,.column-heads
Class,.comments-disabled
Class,.comments-row
Class,.comments-to
Class,.comments-to-textarea
Class,.commish-adjust
Class,.container
Class,.container-fail
Class,.container-pass
Class,.contractAAV
Class,.contractAAVExtend
Class,.contractDesignation
Class,.contractTaxiAAV
Class,.contractTypeName
Class,.contractTypeNote
Class,.contractUtility
Class,.contractUtilityFound
Class,.contractinfo
Class,.contractstatus
Class,.contractyear
Class,.create-table
Class,.credit
Class,.current
Class,.current-conditions-header
Class,.current-conditions-place
Class,.current-conditions-temp
Class,.current-conditions-text
Class,.current-conditions-wrapper
Class,.current_bench_row
Class,.current_matchup
Class,.current_starters_row
Class,.currenttab
Class,.currentweek
Class,.cus_first_name
Class,.cus_last_name
Class,.cus_player_image
Class,.cus_player_images
Class,.cus_player_photo
Class,.cus_player_position
Class,.cus_player_wrapper
Class,.cus_players_name
Class,.cus_team_logo
Class,.custom-loadplayer
Class,.custom-loadplayer-table
Class,.custom_collapse
Class,.custom_expand
Class,.custom_lineup_body
Class,.custom_lineup_submission_body
Class,.d
Class,.date
Class,.debit
Class,.default-btn
Class,.depth
Class,.depth_chart_page
Class,.deselect-btn
Class,.desktop-Hide
Class,.detach-input
Class,.details_pop_players_row
Class,.detailtablerow
Class,.dh-control-setting
Class,.dh_comments_cell
Class,.dh_tabs_wrap
Class,.dice_value
Class,.diff
Class,.diff-negative
Class,.diff-positive
Class,.disabled-draftPick
Class,.disabled-dropbox
Class,.disabled-locked
Class,.div-wrap-trade-table
Class,.divide-trades
Class,.dldbBase
Class,.done
Class,.draft-list-arrow
Class,.draft-overflow
Class,.draftNow
Class,.draftPageForm
Class,.draft_picks_header
Class,.draft_warning
Class,.draftbutton
Class,.drafted
Class,.draftpickTD
Class,.draftpicks
Class,.drop-player-container
Class,.drop-player-list
Class,.dropplayer
Class,.e
Class,.edit
Class,.edit-wrapper
Class,.editHPMs
Class,.editable
Class,.enter-player
Class,.entryFeeOwed
Class,.entryFeePaid
Class,.error_box
Class,.establshed-svgtext
Class,.even
Class,.event
Class,.eventablerow
Class,.expandAccounting
Class,.expandLink
Class,.expires-by
Class,.f
Class,.f-icon
Class,.f-link
Class,.f-title
Class,.f-title-icon
Class,.fa-arrow-circle-down
Class,.fa-arrow-circle-up
Class,.fa-arrow-right-arrow-left
Class,.fa-check-to-slot
Class,.fa-checkbox
Class,.fa-circle-xmark
Class,.fa-comments
Class,.fa-forward-step
Class,.fa-handshake
Class,.fa-hourglass-half
Class,.fa-inbox
Class,.fa-lock
Class,.fa-lock-keyhole
Class,.fa-minus
Class,.fa-paintbrush
Class,.fa-pause-circle
Class,.fa-play-circle
Class,.fa-plus
Class,.fa-solid
Class,.fa-stack
Class,.fa-stop-circle
Class,.fa-thumbtack
Class,.fa-triangle-exclamation
Class,.fantasy_survivor_legend_highscore
Class,.fantasy_survivor_legend_lowscore
Class,.fantasy_survivor_legend_warning
Class,.ffpts_pace_total
Class,.ficon
Class,.ficonname
Class,.filter-controls
Class,.first-container
Class,.first-td
Class,.fixed-side
Class,.flex-active
Class,.flex-container
Class,.flex-control-nav
Class,.flex-control-paging
Class,.flex-control-thumbs
Class,.flex-direction-nav
Class,.flex-disabled
Class,.flex-next
Class,.flex-pauseplay
Class,.flex-play
Class,.flex-prev
Class,.flex-slider
Class,.flex-viewport
Class,.flexslider
Class,.fname
Class,.footercontainer
Class,.footercontainer-outer
Class,.form_buttons
Class,.fran-last
Class,.franPlayerFA
Class,.franchise
Class,.franchise-avg
Class,.franchise-box
Class,.franchise-bye
Class,.franchise-date
Class,.franchise-icon
Class,.franchise-icon-hr
Class,.franchise-name
Class,.franchise-name-scroll
Class,.franchise-offered-by
Class,.franchise-offered-to
Class,.franchise-pmr-wrap
Class,.franchise-record
Class,.franchise-score
Class,.franchise-score-scroll
Class,.franchiseIconPrependPlayer
Class,.franchiseIconPrependTeam
Class,.franchiseNoIconPrependPlayer
Class,.franchise_offline
Class,.franchise_online
Class,.franchiseicon
Class,.franchiselogo
Class,.franchisename
Class,.freeagent
Class,.full-width
Class,.full_height_banner
Class,.g
Class,.gameWeather
Class,.gamecentertable
Class,.gamedetailcell
Class,.gamescore
Class,.gb
Class,.glffl
Class,.glffl-plus
Class,.greaterthan
Class,.grid_pos_cb
Class,.grid_pos_de
Class,.grid_pos_def
Class,.grid_pos_dt
Class,.grid_pos_lb
Class,.grid_pos_pk
Class,.grid_pos_pn
Class,.grid_pos_qb
Class,.grid_pos_rb
Class,.grid_pos_s
Class,.grid_pos_te
Class,.grid_pos_wr
Class,.grow
Class,.h
Class,.h2hmatchups
Class,.h3-menu
Class,.hMenuPopupTradeOffered
Class,.hMenuPopupTradePoll
Class,.hMenuTradeApproval
Class,.hMenuTradeContainer
Class,.hMenuTradeOffered
Class,.hMenuTradePoll
Class,.hMenuTradeReceived
Class,.habmanAllPlay_franchise
Class,.habmanAllPlay_hilite
Class,.habmanAllPlay_img
Class,.habmanAllPlay_ptsScored
Class,.habmanAllPlay_record
Class,.habmanAllPlay_record_total
Class,.habmanAllPlay_total
Class,.habmanAllPlay_week
Class,.habmanHTH_franchise
Class,.habmanHTH_hilite
Class,.habmanHTH_img
Class,.habmanHTH_isFuture
Class,.habmanHTH_loss
Class,.habmanHTH_na
Class,.habmanHTH_pa_total
Class,.habmanHTH_pf_total
Class,.habmanHTH_ptsScored
Class,.habmanHTH_record
Class,.habmanHTH_record_total
Class,.habmanHTH_tie
Class,.habmanHTH_tooltip
Class,.habmanHTH_tooltipleft
Class,.habmanHTH_tooltiptext
Class,.habmanHTH_total
Class,.habmanHTH_week
Class,.habmanHTH_win
Class,.habmanPtsScored_adjusted
Class,.habmanPtsScored_asterisk
Class,.habmanPtsScored_franchise
Class,.habmanPtsScored_img
Class,.habmanPtsScored_ptsScored
Class,.habmanPtsScored_ptsScoredTotal
Class,.habmanPtsScored_total
Class,.habmanPtsScored_week
Class,.habskin
Class,.has-buttons-left
Class,.has-buttons-right
Class,.has-buttons-rightL
Class,.has-ficon
Class,.has-rounds-add
Class,.has-rounds-row
Class,.has-sub
Class,.hasGroups
Class,.has_my_ranks
Class,.hcl
Class,.head-th
Class,.head-to-head
Class,.headerrow
Class,.headline
Class,.hidden
Class,.hide_bench
Class,.highlight
Class,.highscore
Class,.homeWinIcon-img
Class,.homepagecolumn
Class,.homepagemessage
Class,.homepagemodule
Class,.hometeam
Class,.hot_button
Class,.hs_tabs_wrap
Class,.hz-hide-shadow
Class,.hz-main-table
Class,.icon-bar
Class,.icon-bar-full
Class,.icon-hide
Class,.inactive
Class,.inj
Class,.inj_status
Class,.inner_player_table
Class,.inputfield
Class,.inputlabel
Class,.insertIcons
Class,.ir-report-modal-content
Class,.is-freeagent
Class,.isMedia
Class,.kickoff-conditions-header
Class,.kickoff-conditions-temp
Class,.kickoff-conditions-text
Class,.kickoff-conditions-wrapper
Class,.label-input
Class,.lastTable
Class,.last_row
Class,.lastrow
Class,.league_name
Class,.leftS
Class,.leftSL
Class,.lessthan
Class,.lh_defunct_check
Class,.lh_overall_franchise
Class,.limit
Class,.lineup_head
Class,.lineup_player_row
Class,.links_nav
Class,.lions-den
Class,.loading
Class,.locked_bench
Class,.locked_starter
Class,.logo-text
Class,.lombardi
Class,.lottery-ball
Class,.lottery-ball-bonus
Class,.lottery-ball-dispersal
Class,.lottery-ball-selected
Class,.lottery-ball-winner
Class,.lottery-ball-winning-ball
Class,.lottery-ball-wrapper
Class,.lottery-clickable
Class,.lottery-icon
Class,.lottery-icon-loser
Class,.lottery-icon-winner
Class,.lottery-narrow-hide
Class,.lottery-not-clickable
Class,.lottery-scrollable-container-left
Class,.lottery-scrollable-container-right
Class,.lottery-scrollable-wrapper
Class,.lottery-simulate-unknown-large
Class,.lottery-simulate-unknown-small
Class,.lottery-wide-hide
Class,.lottery_assumption
Class,.lottery_asterisk
Class,.lottery_balls
Class,.lottery_bonus_balls
Class,.lottery_details
Class,.lottery_franchise
Class,.lottery_icon
Class,.lottery_odds
Class,.lottery_owner
Class,.lottery_pick1
Class,.lottery_pick2
Class,.lottery_pick3
Class,.lottery_picknone
Class,.lottery_table_2nd_overall
Class,.lottery_table_simulator
Class,.lottery_total_balls
Class,.lottery_total_th
Class,.lowscore
Class,.ls-boxscore
Class,.ls-events
Class,.ls-explain-points-li
Class,.ls-explain-points-name
Class,.ls-explain-points-total
Class,.ls-game-is-final
Class,.ls-game-scheduled
Class,.ls-history-modal
Class,.ls-matchup
Class,.ls-modal
Class,.ls-modal-body
Class,.ls-modal-content
Class,.ls-modal-header
Class,.ls-nfl-gametime-final
Class,.ls-nfl-spread
Class,.ls-nfl-winner
Class,.ls-outer-table
Class,.ls-popup-player-li
Class,.ls-popup-points
Class,.ls-popup-position-li
Class,.ls-popup-stats
Class,.ls-popup-status-ir
Class,.ls-popup-status-ns
Class,.ls-popup-status-s
Class,.ls-popup-status-ts
Class,.ls-ppts
Class,.ls-ppts-pts
Class,.ls-pts
Class,.lsBenchstotals
Class,.lsStarterstotals
Class,.ls_above_projected
Class,.ls_append_input
Class,.ls_at_projected
Class,.ls_below_projected
Class,.ls_box_gameover
Class,.ls_changed
Class,.ls_game_info
Class,.ls_gameinprogress
Class,.ls_gameis_over
Class,.ls_has_ball
Class,.ls_in_redzone
Class,.ls_nfl_box_inprog
Class,.ls_nfl_box_over
Class,.ls_nfl_icon
Class,.ls_nonstarters
Class,.ls_noposs
Class,.ls_nothas_ball
Class,.ls_num_1
Class,.ls_num_2
Class,.ls_og_cell
Class,.ls_og_icon
Class,.ls_og_selected
Class,.ls_other_game
Class,.ls_pace_box
Class,.ls_player_stats
Class,.ls_players_table
Class,.ls_projected
Class,.ls_projections
Class,.ls_redzone
Class,.ls_scroller
Class,.ls_starters
Class,.ls_team_points
Class,.ls_withposs
Class,.lsm-nav-btn
Class,.lsm_error
Class,.lsm_statusText
Class,.make-pick-table
Class,.matchup
Class,.matchup-box
Class,.matchup-box-scroll
Class,.matchup-box-scroll-wrap
Class,.matchupHilite
Class,.matchupIsOver
Class,.matchupLolite
Class,.matchupOver
Class,.matchup_container
Class,.menu_arrow
Class,.messageboardbar
Class,.mfl-icon
Class,.mflLive_details_pace_ahead
Class,.mflLive_details_pace_behind
Class,.mflModal-content
Class,.mflUpdateWrap
Class,.minichat2_blink
Class,.minichat2_time
Class,.minifranchiseicon
Class,.missed-projection
Class,.mm-home
Class,.mm-myleagues
Class,.mm-thispage
Class,.mm_sizing_head
Class,.mobile-Hide
Class,.mobile-menu-open
Class,.mobile-view
Class,.mobile-wrap
Class,.module_expand
Class,.mondayLoser
Class,.mondayWinner
Class,.monday_proj_total
Class,.month_header
Class,.moohighlight
Class,.move-Up-down-btn-twenty
Class,.move-down-btn
Class,.move-down-btn-twenty
Class,.move-up-btn
Class,.move-up-btn-twenty
Class,.moveBtns
Class,.myfantasyleague_menu
Class,.myfantasyleague_menuMobile
Class,.myfantasyleague_tabmenu
Class,.myfranchise
Class,.newposition
Class,.nfl-box-scroll
Class,.nfl-box-scroll-wrap
Class,.nfl-icon-onload
Class,.nflStatsAvgRow
Class,.nflStatsTotalRow
Class,.nflStatsWeekRow
Class,.nflggstat
Class,.nfltheme
Class,.no-borderspacing
Class,.no-charge
Class,.no-js
Class,.no-rounds-add
Class,.no-sub
Class,.no-trades
Class,.no_icons
Class,.no_stats
Class,.nocaption
Class,.notification-bar-content
Class,.notification-default
Class,.notification-fail
Class,.notification-icon-search
Class,.notification-ir
Class,.notification-message
Class,.notification-online
Class,.notification-success
Class,.notification-trade
Class,.notification-warning
Class,.nra
Class,.number-hide
Class,.number_space
Class,.odd
Class,.oddtablerow
Class,.offSeason
Class,.offeredbymeTable
Class,.offeredtomeTable
Class,.offeree
Class,.offerer
Class,.one_column
Class,.oppRankAvgMatchup
Class,.oppRankBadMatchup
Class,.oppRankGoodMatchup
Class,.oppRankGreatMatchup
Class,.oppRankPoorMatchup
Class,.original-projection
Class,.ovBench
Class,.ovStart
Class,.ovStartTiebreak
Class,.ovTiebreak
Class,.owner-away
Class,.ownername
Class,.pa
Class,.pagebody
Class,.pagefooter
Class,.pageheader
Class,.pagetitle
Class,.ph_tabs_scroll
Class,.pick
Class,.picks
Class,.plaque
Class,.plaqueframe
Class,.player
Class,.player-image
Class,.player-img-wrapper
Class,.player-img-wrapper-clippler
Class,.player-img-wrapper-waiv
Class,.player-info
Class,.player-inj
Class,.player-live-score
Class,.player-myrank
Class,.player-name
Class,.player-pos
Class,.player-position
Class,.player-projected-score
Class,.player-row
Class,.player-score-box
Class,.player-search
Class,.player-stats
Class,.player-status
Class,.player-team
Class,.player-to-draft
Class,.player-wproj
Class,.playerBio-Table
Class,.playerContainer
Class,.playerFirstName
Class,.playerImgTable
Class,.playerPhoto
Class,.playerPopupIcon
Class,.playerPosition
Class,.player_minutes_remaining
Class,.player_photo
Class,.player_row
Class,.players
Class,.players-bench
Class,.players-offered-by
Class,.players-offered-to
Class,.players-playing
Class,.players-playingMin
Class,.players-pmr-wrap
Class,.players-yetToPlayer
Class,.players_currently_playing
Class,.players_yet_to_play
Class,.playing
Class,.playoff-report-modal-content
Class,.playoff-report-modal-header
Class,.playoff-seeding-wrap
Class,.playoffbracket
Class,.playoffbracketname
Class,.plus-toggle
Class,.plus-toggle-main
Class,.plus-toggle-stats
Class,.points
Class,.points_row
Class,.pointsdifference
Class,.pointstotal
Class,.poll_voted
Class,.pooltab
Class,.popreport
Class,.popup-league-name
Class,.pos-rank
Class,.position-table
Class,.position_name_roster
Class,.position_name_roster_mobile
Class,.postSeason
Class,.pphoto
Class,.pproj_higher
Class,.pproj_lower
Class,.previews_table
Class,.previous_starter
Class,.prevmatchups
Class,.prmin
Class,.proj-pts
Class,.qbBase
Class,.range
Class,.rank
Class,.rbwrBase
Class,.regularSeason
Class,.report
Class,.reportfooter
Class,.reportform
Class,.reportnaviation
Class,.reportnavigation
Class,.reportnavigationheader
Class,.requests-table
Class,.require
Class,.restoreHPMs
Class,.rfaStatus
Class,.rfa_asterisk1
Class,.rfa_asterisk2
Class,.rfa_comp
Class,.rfa_icon
Class,.rfa_maxYr
Class,.rfa_minBid
Class,.rfa_salary
Class,.rfa_ul_wrapper
Class,.rfa_ytdPts
Class,.rightSL
Class,.roadWinIcon-img
Class,.rookieDraft
Class,.roster-container
Class,.rosterFreeze
Class,.roster_base
Class,.rosters_display
Class,.round
Class,.rounds-fields-row
Class,.rounds-row
Class,.row-add-drop-btn
Class,.rowCurrentlyPlaying
Class,.rowGameOver
Class,.rs_active
Class,.rulestable
Class,.salary
Class,.salary_cap_row
Class,.savingsreview
Class,.scoredetailsWrap
Class,.scoresContainer
Class,.scoresummary
Class,.screen-hide
Class,.scroll-spacer
Class,.sdd
Class,.seed-advanced
Class,.seed-eliminated
Class,.seed-group
Class,.select-btn
Class,.select-total-starters
Class,.selected-player
Class,.selection
Class,.settings-mobile-wrap
Class,.shadow-fade-bottom
Class,.shadow-right
Class,.shouldHavebench
Class,.shouldHavestart
Class,.shouldbench
Class,.shouldstart
Class,.show
Class,.show-sub-heads
Class,.showFilters
Class,.showHideRowShow
Class,.shrink
Class,.single-matchup
Class,.sister-league
Class,.slider
Class,.slides
Class,.sort-bar
Class,.sort-btn
Class,.sort01
Class,.source-list-arrow
Class,.standings-cog
Class,.standings-settings_overlay
Class,.standingslogo
Class,.standingstable
Class,.starter_count
Class,.starter_count_reason_less
Class,.starter_count_reason_more
Class,.starter_count_sub
Class,.starter_count_sub_fail
Class,.starter_count_total_wrapper
Class,.starter_totalsRow
Class,.starters_pos_row
Class,.starters_pos_th
Class,.status
Class,.still-tied
Class,.strk
Class,.sub-arrow-down
Class,.sub-content
Class,.subhead
Class,.subtext
Class,.subtotal
Class,.summary-moves
Class,.svg-icon
Class,.svg-iconlink
Class,.svg-text
Class,.tab0
Class,.tab1
Class,.tab2
Class,.tab3
Class,.tab4
Class,.tab5
Class,.tab6
Class,.tab7
Class,.tabLabel
Class,.tabhead
Class,.tabheaddouble
Class,.table-autofilter
Class,.table-filtered
Class,.table-sortable
Class,.table-sorted-asc
Class,.table-sorted-desc
Class,.target_report
Class,.taxiYearWarning
Class,.tbt
Class,.td-first-type
Class,.td-pad
Class,.td-totals-row
Class,.tdalert
Class,.teamAway
Class,.teamHome
Class,.teamPositionCircle
Class,.team_lineup_table
Class,.team_name_roster_circle
Class,.team_roster_table
Class,.team_watch_table
Class,.teamdetailsWrap
Class,.teamscoresummary
Class,.telbBase
Class,.test
Class,.textbox_calculator
Class,.th-control-setting
Class,.th-warning
Class,.theme-bears
Class,.theme-bengals
Class,.theme-bills
Class,.theme-blue-orange
Class,.theme-blueonblue
Class,.theme-broncos
Class,.theme-brown
Class,.theme-brown-gold
Class,.theme-browns
Class,.theme-bucs
Class,.theme-cardinals
Class,.theme-charger
Class,.theme-chiefs
Class,.theme-colts
Class,.theme-cowboys
Class,.theme-dark-blue
Class,.theme-dolphins
Class,.theme-eagles
Class,.theme-falcons
Class,.theme-giants
Class,.theme-gold
Class,.theme-green
Class,.theme-grey
Class,.theme-jaguars
Class,.theme-jets
Class,.theme-light-blue
Class,.theme-lions
Class,.theme-niners
Class,.theme-orange
Class,.theme-packers
Class,.theme-panthers
Class,.theme-patriots
Class,.theme-purple
Class,.theme-raiders
Class,.theme-rams
Class,.theme-ravens
Class,.theme-red
Class,.theme-redonred
Class,.theme-redskins
Class,.theme-saints
Class,.theme-seahawks
Class,.theme-steelers
Class,.theme-teal
Class,.theme-texans
Class,.theme-titans
Class,.theme-vikings
Class,.ticker-wrapper
Class,.tie-broken
Class,.tie-broken-team
Class,.timestamp
Class,.today
Class,.toggle-btn-main
Class,.toggle-hint
Class,.toggle_module_search
Class,.toggle_tabs
Class,.top
Class,.topiclist
Class,.tops_image
Class,.topteam
Class,.total
Class,.total_contract_bracketed
Class,.total_contract_row
Class,.total_salary_row
Class,.trade-assets-wrapper
Class,.trade-bbid-amt
Class,.trade-offer
Class,.trade-player
Class,.trade-toggle-mobile
Class,.trade-twocolumn-table
Class,.tradedifference
Class,.tradesTable
Class,.trh-control-setting
Class,.two_column
Class,.two_column_layout
Class,.ufaStatus
Class,.videoconferenceicon
Class,.visitorSync
Class,.waiver-container
Class,.warning
Class,.warning_maximum_error
Class,.warning_minimum_error
Class,.week
Class,.weekNav
Class,.week_optionsbox
Class,.weekly-navbar
Class,.weekly-navbar-mobile
Class,.weekly-opp
Class,.weeklypointtotals
Class,.winIcon
Class,.win_percentage
Class,.win_percentage_bar
Class,.winnerMark
Class,.winner_mark
Class,.winnermark
Class,.winprob_away
Class,.winprob_home
Class,.withfranchiseicon
Class,.withfranchiseiconn
Class,.wp_bar
Class,.wrapper-add-first
Class,.wrapper-add-second
Class,.year
Class,.year-text
Class,.ym
ID,#AddDropForm
ID,#All_Scores_Table
ID,#COPY_LEAGUE
ID,#COPY_YEAR
ID,#CurrentWatchList
ID,#Customdraft_makepick
ID,#FORCE_WAIVER
ID,#HPMEditCap
ID,#IN_EXCHANGE_FOR
ID,#LSModuleSettings
ID,#LS_AwayScore
ID,#LS_AwayTeamName
ID,#LS_CenterTop
ID,#LS_HomeScore
ID,#LS_HomeTeamName
ID,#LS_TopTableHolder
ID,#LSscoringBox
ID,#MFLBoxContainer
ID,#MFLBoxHolder
ID,#MFLBoxMatchups
ID,#MFLBoxOverlay
ID,#MFLBoxPlayerDetails
ID,#MFLBoxWrapper
ID,#MFLCenterTop
ID,#MFLChatPopupContainer
ID,#MFLChatPopupOverlay
ID,#MFLFantasyMatchupsUpdate
ID,#MFLHomePMR
ID,#MFLHomePlayers
ID,#MFLHomeScore
ID,#MFLHomeTeamName
ID,#MFLHomeTeamRecord
ID,#MFLHomeYTP
ID,#MFLNFLMatchupsUpdate
ID,#MFLPlayerPopupArticleLoaded
ID,#MFLPlayerPopupBio
ID,#MFLPlayerPopupBioTab
ID,#MFLPlayerPopupClose
ID,#MFLPlayerPopupContainer
ID,#MFLPlayerPopupHeader
ID,#MFLPlayerPopupLinks
ID,#MFLPlayerPopupLoading
ID,#MFLPlayerPopupNews
ID,#MFLPlayerPopupOverlay
ID,#MFLPlayerPopupProjections
ID,#MFLPlayerPopupStats
ID,#MFLPlayerPopupStatsHistory
ID,#MFLRoadPMR
ID,#MFLRoadPlayers
ID,#MFLRoadScore
ID,#MFLRoadTeamName
ID,#MFLRoadTeamRecord
ID,#MFLRoadYTP
ID,#MFLScoreboardLoading
ID,#MFLroster
ID,#MSG
ID,#SCRATCHPAD
ID,#ScoreDetails
ID,#ScoreNFLDetails
ID,#TeamDetails
ID,#TeamWinPctRow
ID,#accounting_table
ID,#add
ID,#add-drop-enhanced-ui
ID,#add-drop-enhanced-ui-tables
ID,#add-drop-summary
ID,#add-player-list
ID,#addDropSearch
ID,#add_drop
ID,#add_drop_submit
ID,#add_filt_nfl
ID,#add_name_field_id
ID,#adjust_scores
ID,#ajax_loading
ID,#all_my_leagues
ID,#allplay-table
ID,#amt_field_id
ID,#app3_fixedtipdiv
ID,#appearance_setup
ID,#article
ID,#article_summary
ID,#auction-status
ID,#auction_setup
ID,#autorotateCountdown
ID,#average_auction_values
ID,#avg_draft_time
ID,#bar_chart
ID,#bbid_summary
ID,#bench-caption-fixed
ID,#board_show
ID,#body_accounting_report
ID,#body_add_drop
ID,#body_adp
ID,#body_ajax_ls
ID,#body_all_reports
ID,#body_api_info
ID,#body_board_show
ID,#body_commissioner_setup
ID,#body_csetup_cantadd
ID,#body_csetup_cantcut
ID,#body_csetup_draftpref
ID,#body_csetup_fcontact
ID,#body_csetup_fcustom
ID,#body_csetup_fmobile
ID,#body_csetup_hmpgmod
ID,#body_csetup_hmpgmsg
ID,#body_csetup_loadrost
ID,#body_depth_chart
ID,#body_detailed
ID,#body_fantasy_box_score
ID,#body_free_agents
ID,#body_home
ID,#body_injury
ID,#body_ir
ID,#body_lineup
ID,#body_live_scoring
ID,#body_live_scoring_summary
ID,#body_login
ID,#body_news_articles
ID,#body_nfl_team_stats
ID,#body_options_03
ID,#body_options_06
ID,#body_options_07
ID,#body_options_08
ID,#body_options_09
ID,#body_options_100
ID,#body_options_101
ID,#body_options_117
ID,#body_options_118
ID,#body_options_119
ID,#body_options_120
ID,#body_options_122
ID,#body_options_133
ID,#body_options_142
ID,#body_options_15
ID,#body_options_151
ID,#body_options_152
ID,#body_options_156
ID,#body_options_158
ID,#body_options_16
ID,#body_options_169
ID,#body_options_17
ID,#body_options_170
ID,#body_options_171
ID,#body_options_180
ID,#body_options_20
ID,#body_options_202
ID,#body_options_204
ID,#body_options_205
ID,#body_options_208
ID,#body_options_210
ID,#body_options_215
ID,#body_options_22
ID,#body_options_23
ID,#body_options_232
ID,#body_options_236
ID,#body_options_243
ID,#body_options_31
ID,#body_options_37
ID,#body_options_49
ID,#body_options_54
ID,#body_options_81
ID,#body_player
ID,#body_player_history
ID,#body_pro_matchup
ID,#body_processed_waivers
ID,#body_reports_aav
ID,#body_reports_adp
ID,#body_reports_fsummary
ID,#body_reports_fullfa
ID,#body_reports_newplay
ID,#body_reports_ranks
ID,#body_reports_salaries
ID,#body_submit_lineups
ID,#body_taxi_squad
ID,#body_top
ID,#body_trade_offer
ID,#body_tweets
ID,#body_weekly
ID,#brief_standings
ID,#cache-addon
ID,#calculator-container
ID,#calendar
ID,#championship_plaque
ID,#chat_audio_clip
ID,#chat_text_field
ID,#cheatsheettable
ID,#clearAddList
ID,#clearDropList
ID,#collapseLink
ID,#comments_field_id
ID,#commishContainer
ID,#commissioner_franchise_setup
ID,#commissioner_setup
ID,#container-wrap
ID,#contest_lineup
ID,#contractPopupTable
ID,#contractReportAjaxLoading
ID,#contractReportPopupContainer
ID,#contractReportWrapper
ID,#contractTable
ID,#contract_9999
ID,#contracttypetable
ID,#csetup_cantadd
ID,#csetup_cantcut
ID,#csetup_hmpgmsg
ID,#csetup_loadrost
ID,#csetup_revtrad
ID,#curRosterTable
ID,#current_auctions
ID,#current_nominator
ID,#custom_draftroom
ID,#destination_list
ID,#detailed
ID,#diceRemoveBtn
ID,#diceRollResult
ID,#division00
ID,#draft-control
ID,#draft-controller
ID,#draft-edit
ID,#draft-pick-edit
ID,#draftDetails
ID,#draftHistortable
ID,#draftTable
ID,#draft_countdown_timer
ID,#draft_picks_container
ID,#draft_player_link
ID,#draft_player_photo
ID,#draft_setup
ID,#draft_status
ID,#draft_status_table
ID,#draft_tracker
ID,#drop
ID,#drop-player-list
ID,#dropInputDiv
ID,#drop_name_field_id
ID,#enhanced-add-drop-ui
ID,#entry_fee_accounting
ID,#expandLink
ID,#fantasy_articles
ID,#fantasy_confidence_pool
ID,#fantasy_preview
ID,#fantasy_recap
ID,#fantasy_schedule_setup
ID,#fantasy_survivor
ID,#ficon_checkbox
ID,#ficonname_checkbox
ID,#fname_checkbox
ID,#force_waiver_claim_p
ID,#franchise_records
ID,#franchise_schedule
ID,#fs-sticky-footer
ID,#fullSeasonPts
ID,#general_setup
ID,#habmanAllPlay
ID,#habmanAllPlay_populating
ID,#habmanAllPlay_tableHTH
ID,#habmanAllPlay_tableLegend
ID,#habmanHTH
ID,#habmanHTH_populating
ID,#habmanHTH_tableLegend
ID,#habmanPtsScored
ID,#habmanPtsScored_populating
ID,#habmanPtsScored_tableLegend
ID,#historical_records
ID,#history_setup
ID,#home
ID,#home_page_message_setup
ID,#home_page_setup
ID,#homepagecolumns
ID,#homepagetabs
ID,#hot_news
ID,#hpm_table_0
ID,#hsubmenu
ID,#icon-wrapper
ID,#ir-report-modal-container
ID,#lastAuctionOverCountdownRow
ID,#last_update
ID,#last_weeks_fantasy_results
ID,#league_champions
ID,#league_chat
ID,#league_links
ID,#league_news_feed
ID,#lineup
ID,#live_scoring_summary
ID,#load_rosters
ID,#loadingchatdata
ID,#locked-msg
ID,#logo_svg_inserticon
ID,#lottery-simulate-1
ID,#lottery-simulate-2
ID,#lottery-simulate-3
ID,#lottery-simulator-container
ID,#lotteryReportTable
ID,#ls-modal-2-header-content
ID,#ls-modal-3-header-content
ID,#ls-modal-content
ID,#ls_error
ID,#ls_mfl_notes
ID,#ls_pace_wrapper
ID,#ls_setting_drop
ID,#ls_ticker_label
ID,#ls_ticker_tab_id
ID,#lsmNextWeek
ID,#lsmPrevWeek
ID,#make_pick
ID,#marquee_away
ID,#marquee_home
ID,#menu-trigger
ID,#message
ID,#messageBoxDIV
ID,#mfl-cache-inner
ID,#mfl-cache-overlay
ID,#mflUpdateWrapContent
ID,#mflhistory
ID,#minichat2_chat
ID,#minichat2_chatTable
ID,#minichat2_onlineList
ID,#minichat2_onlineTitle
ID,#minichat2_privateMessageWrapper
ID,#minichat2_wrapper
ID,#modal-cancel
ID,#modal-confirm
ID,#monthly_calendar
ID,#myMFLSkinSelection
ID,#my_bye_weeks
ID,#my_draft_list
ID,#my_draft_picks
ID,#my_links
ID,#my_news
ID,#my_options
ID,#my_player_photos
ID,#my_trophy_case
ID,#my_watch_list
ID,#myfantasyleague_customtabs
ID,#myfantasyleague_tabs
ID,#new_predraft
ID,#news_articles
ID,#next_weeks_fantasy_schedule
ID,#nflAvgActive
ID,#nflAvgInactive
ID,#nflTotalActive
ID,#nflTotalInactive
ID,#nfl_confidence_pool
ID,#nfl_games
ID,#nfl_survivor_pool
ID,#nflschedule
ID,#options_01
ID,#options_03
ID,#options_05
ID,#options_06
ID,#options_07
ID,#options_08
ID,#options_101
ID,#options_105
ID,#options_112
ID,#options_113
ID,#options_117
ID,#options_118
ID,#options_121
ID,#options_122
ID,#options_128
ID,#options_129
ID,#options_13
ID,#options_138
ID,#options_15
ID,#options_153
ID,#options_156
ID,#options_157
ID,#options_158
ID,#options_169
ID,#options_17
ID,#options_171
ID,#options_176
ID,#options_178
ID,#options_179
ID,#options_18
ID,#options_180
ID,#options_182
ID,#options_185
ID,#options_187
ID,#options_194
ID,#options_199
ID,#options_20
ID,#options_202
ID,#options_204
ID,#options_208
ID,#options_209
ID,#options_210
ID,#options_22
ID,#options_232
ID,#options_234
ID,#options_236
ID,#options_247
ID,#options_256
ID,#options_257
ID,#options_27
ID,#options_43
ID,#options_45
ID,#options_52
ID,#options_54
ID,#options_65
ID,#options_67
ID,#options_68
ID,#options_71
ID,#options_73
ID,#other_games
ID,#other_transactions_setup
ID,#outerMFLScoreboardDiv
ID,#overviewAjaxLoading
ID,#overviewDropbox
ID,#owner_activity
ID,#picker
ID,#picker_filt_nfl
ID,#picker_filt_pos
ID,#player
ID,#player-profile
ID,#player-search
ID,#player_adp
ID,#player_dob_age
ID,#player_height_weight
ID,#player_records
ID,#player_search
ID,#player_stats_table
ID,#players-bench
ID,#players_and_rosters
ID,#playoff-report-modal-container
ID,#playoff-report-modal-content
ID,#playoffTable
ID,#playoff_setup
ID,#poll_summary
ID,#popup-ignoreLeagues-caption
ID,#popup-ignoreLeagues-container
ID,#popup-ignoreLeagues-content
ID,#popup-ignoreLeagues-table
ID,#popup-selectLeagues-caption
ID,#popup-weather-container
ID,#popup-weather-wrapper
ID,#popupcontainer
ID,#position-filter
ID,#power_rank
ID,#prize_money_net
ID,#prize_money_transactions
ID,#prize_money_winnings
ID,#processed_waivers
ID,#recent_draft_picks
ID,#recently_used
ID,#record_streaks
ID,#rfaReportTable
ID,#rfa_list
ID,#roster
ID,#roster_away
ID,#roster_column_left
ID,#roster_home
ID,#rostertable
ID,#round_field_id
ID,#rulebanner
ID,#rulestabs
ID,#salary_cap_setup
ID,#scoreboardTooltip
ID,#scoring_setup
ID,#season_records
ID,#sel_name
ID,#series_records
ID,#source_list
ID,#standings
ID,#standings-settings
ID,#standings_legend
ID,#starter-caption-fixed
ID,#sticky_filters
ID,#sub0
ID,#survivorAjaxLoading
ID,#tab0
ID,#tab1
ID,#tab2
ID,#tab3
ID,#tab4
ID,#tab5
ID,#tab6
ID,#tab7
ID,#tab_title
ID,#tableCounter
ID,#tabmenu-wrap
ID,#taxiSquadTable
ID,#teamBox
ID,#teamBoxOverlay
ID,#todayscalendar
ID,#tooltip
ID,#top
ID,#top_adds
ID,#top_busts
ID,#top_drops
ID,#top_fa
ID,#top_owns
ID,#top_performers
ID,#top_starters
ID,#top_steals
ID,#top_survivor_picks
ID,#tradeShowMyTeam
ID,#trade_bait
ID,#tradereview
ID,#transactions
ID,#trash_talk_video
ID,#twitter_feed
ID,#typicalCalendar
ID,#typicalCalendarLegend
ID,#use_with_caution
ID,#verticalMenu
ID,#waiver_order
ID,#waiver_request_list
ID,#waivers_setup
ID,#weather-wrapper
ID,#weekly
ID,#weekly_calendar
ID,#weekly_fantasy_articles
ID,#weekly_mvp
ID,#weekly_mvp_starters
ID,#weekly_summary
ID,#welcome
ID,#who_should_i_start
ID,#youtubevideo
